<?xml version="1.0" encoding="UTF-8" ?>
<install version="1.5" type="plugin" group="vmpayment" >
    <name>VM - Payment, Zaakpay</name>
    

    <files>
	<filename plugin="zaakpay">zaakpay.php</filename>
	
	</files>
	
	<media folder="images" destination="../images/stories/virtuemart/payment">
	<filename>zaakpay.jpg</filename>
    </media>
	
    <languages>
	<language tag="en-GB">en-GB.plg_vmpayment_zaakpay.ini</language>
    </languages>
    <params addpath="/administrator/components/com_virtuemart/elements">
	<param type="vmjpluginwarning" />
	<param type="spacer" default="VMPAYMENT_ZAAKPAY_PAYMENT_TITLE" level="level1" />
	<param type="spacer" default="VMPAYMENT_ZAAKPAY_PAYMENT_WARNING"   />

	<param type="spacer" default="" level="level1" />
	<param type="spacer" default="VMPAYMENT_ZAAKPAY_PAYMENT_SETTINGS" level="level1" />
	
	<param	name="payment_logos" type="vmfiles" label="VMPAYMENT_ZAAKPAY_LOGOS"
             	description="VMPAYMENT_ZAAKPAY_LOGOS_DESC"
             	directory="/images/stories/virtuemart/payment"
             	default="default" hide_default="1" hide_none="1"
             	stripext="0"  exclude="^_" />

	<param type="spacer" default="" level="level1" />
	<param   type="spacer" default="VMPAYMENT_ZAAKPAY_PARAMS" level="level1" />
	<param type="text" name="merchant_id"  size="60" label="ZAAKPAY Merchant Id"/>
	<param type="text" name="secret_key"  size="60" label="ZAAKPAY Secret Key"/>
	<param name="mode" type="list" default="TEST" label="Mode">
	    <option value="0">TEST(Sandbox)</option>
	    <option value="1">LIVE</option>
	</param>
	<param name="log" type="radio" default="ON" label="Log params posting to Zaakpay">
		<option value="on">ON</option>
		<option value="off">OFF</option>
	</param>
	<param type="textarea" name="description" cols="5" rows="4"  label="Description"/>

	<param type="spacer" default="" level="level1" />
	<param type="spacer" default="" level="level1" />
	<param name="address_override" type="list" default="0" label="VMPAYMENT_ZAAKPAY_ADDRESS_OVERRIDE" description="VMPAYMENT_ZAAKPAY_ADDRESS_OVERRIDE_DESC" >
	    <option value="0">COM_VIRTUEMART_NO</option>
	    <option value="1">COM_VIRTUEMART_YES</option>
	</param>
	<param name="no_shipping" type="list" default="0" label="VMPAYMENT_ZAAKPAY_NO_SHIPPING" description="VMPAYMENT_ZAAKPAY_NO_SHIPPING_DESC" >
	    <option value="0">VMPAYMENT_ZAAKPAY_NO_SHIPPING_PROMPT</option>
	    <option value="1">VMPAYMENT_ZAAKPAY_NO_SHIPPING_DO_NOT_PROMPT</option>
	    <option value="2">VMPAYMENT_ZAAKPAY_NO_SHIPPING_PROMPT_REQUIRE</option>
	</param>
	<param type="spacer" default="" level="level1" />
	<param type="spacer" default="VMPAYMENT_ZAAKPAY_RESTRICTIONS" level="level1" />
	     <!-- BY DEFAULT ZAAKPAY currency= vendor currency -->
	<param name="payment_currency" type="vmacceptedcurrency" default="" label="VMPAYMENT_ZAAKPAY_CURRENCY" description="VMPAYMENT_ZAAKPAY_CURRENCY_DESC" />

	<param name="countries" type="vmcountries"  scope="com_virtuemart" default="" label="VMPAYMENT_ZAAKPAY_COUNTRIES" description="VMPAYMENT_ZAAKPAY_COUNTRIES_DESC"/>
	<param name="min_amount" type="text"  label="VMPAYMENT_ZAAKPAY_MIN_AMOUNT" description="VMPAYMENT_ZAAKPAY_MIN_AMOUNT_EXPLAIN" />
	<param name="max_amount" type="text"  label="VMPAYMENT_ZAAKPAY_MAX_AMOUNT" description="VMPAYMENT_ZAAKPAY_MAX_AMOUNT_EXPLAIN" />
	<param name="cost_per_transaction" type="text"  label="VMPAYMENT_ZAAKPAY_COST_PER_TRANSACTION" description="VMPAYMENT_ZAAKPAY_COST_PER_TRANSACTION_EXPLAIN" />
	<param name="cost_percent_total" type="text"  label="VMPAYMENT_ZAAKPAY_COST_PERCENT_TOTAL" description="VMPAYMENT_ZAAKPAY_COST_PERCENT_TOTAL_EXPLAIN" />
	<param name="tax_id" type="vmtaxes" scope="com_virtuemart"  label="VMPAYMENT_ZAAKPAY_TAX" description="VMPAYMENT_ZAAKPAY_TAX_EXPLAIN" />
	<param type="spacer" default="" level="level1" />
	<param type="spacer" default="VMPAYMENT_ZAAKPAY_PAYMENT_PAGE" level="level1" />
	<param name="status_pending" type="vmorderstate" scope="com_virtuemart" default="P" label="VMPAYMENT_ZAAKPAY_STATUS_PENDING" description="VMPAYMENT_ZAAKPAY_STATUS_PENDING_EXPLAIN" />
	<param name="status_success" type="vmorderstate" scope="com_virtuemart" default="C" label="VMPAYMENT_ZAAKPAY_STATUS_SUCCESS" description="VMPAYMENT_ZAAKPAY_STATUS_SUCCESS_EXPLAIN" />
	<param name="status_canceled" type="vmorderstate" scope="com_virtuemart" default="X" label="VMPAYMENT_ZAAKPAY_STATUS_FAILED" description="VMPAYMENT_ZAAKPAY_STATUS_FAILED_EXPLAIN" />
	<param type="spacer" default="" level="level1" />


    </params>


</install>
